Origin,Origin.Code,Office,Technology,1980,1981,1982,1983,1984,1985,1986,1987,1988,1989,1990,1991,1992,1993,1994,1995,1996,1997,1998,1999,2000,2001,2002,2003,2004,2005,2006,2007,2008,2009,2010,2011,2012,2013,2014,2015,2016
Afghanistan,AF,Total,16 - Pharmaceuticals,,,,,,,,,,,,,,,,,,,,,,,,,,,1,,,,,,,,,,
Albania,AL,Total,16 - Pharmaceuticals,,,,,,,,,,,,,,,,,,,,,,,,,1,,,,,,,,,3,,,
Algeria,DZ,Total,13 - Medical technology,,,,,,,,,,,1,,,,1,,,1,,,,1,,,1,,,,,,1,1,,,1,3,3
Andorra,AD,Total,13 - Medical technology,,,,,,,,,,,,,1,2,,,,,,1,1,,2,1,4,2,2,1,1,,2,,1,,1,1,1
Andorra,AD,Total,15 - Biotechnology,,,,,,,,,,,,,,,,,,,,,,,,,,,,,,,1,,,,,,
Andorra,AD,Total,16 - Pharmaceuticals,,,,,,,,,,,,,,,,,,,,,,,,,,,,,,,,,,,2,2,2
Antigua and Barbuda,AG,Total,13 - Medical technology,,,,,,,,,,,,,,,,,,,,,,,,,1,,,,,,,,,,,1,1
Antigua and Barbuda,AG,Total,15 - Biotechnology,,,,,,,,,,,,,,,,,,,,,,,,,,,,,,,,,1,,,,
Antigua and Barbuda,AG,Total,16 - Pharmaceuticals,,,,,,,,,,,,,,,,,,,,,,,,,1,,,,,,,,1,,,,1
Argentina,AR,Total,11 - Analysis of biological materials,,2,2,,,,2,,,,1,1,1,2,1,,1,,1,,1,,1,2,3,,2,1,1,,,,,,1,2,1
Argentina,AR,Total,13 - Medical technology,42,28,27,20,31,6,2,5,3,5,18,5,24,58,36,12,10,17,25,22,17,11,17,14,13,10,3,3,6,13,9,6,15,17,7,12,21
Argentina,AR,Total,15 - Biotechnology,,3,5,1,4,1,,,1,,2,1,1,3,3,,1,,2,1,,1,,1,2,,2,4,5,5,8,3,10,10,4,11,15
Argentina,AR,Total,16 - Pharmaceuticals,3,1,7,4,8,4,3,1,,,3,4,3,11,8,8,7,12,9,7,8,5,7,9,9,7,10,4,3,9,8,11,13,28,11,12,20
Armenia,AM,Total,13 - Medical technology,,,,,,,,,,,,,,,2,4,1,,1,2,1,2,3,2,1,,1,,,,,2,,,,,8
Armenia,AM,Total,15 - Biotechnology,,,,,,,,,,,1,,,2,1,,,3,1,1,,,,,,,,,,,,,,,1,,
Armenia,AM,Total,16 - Pharmaceuticals,,,,,,,,,,,,,,2,,4,2,4,1,,,,1,,10,9,,,2,1,,,,,,1,1
Aruba,AW,Total,13 - Medical technology,,,,,,,,,,,,,,,,,,,,,,,,1,2,,1,,,,,,,,,,
Australia,AU,Total,11 - Analysis of biological materials,10,8,8,9,18,9,16,14,13,19,34,14,26,22,17,23,23,27,38,36,22,29,31,47,29,30,31,37,33,52,53,46,55,57,60,54,55
Australia,AU,Total,13 - Medical technology,52,58,55,68,62,94,74,80,86,97,117,106,102,111,117,117,104,122,139,138,135,153,181,196,195,184,240,214,248,251,340,403,417,492,519,532,528
Australia,AU,Total,15 - Biotechnology,9,3,8,7,29,16,40,28,31,35,32,55,47,56,68,78,83,77,111,113,80,99,111,94,127,110,123,130,173,173,174,196,206,218,213,221,213
Australia,AU,Total,16 - Pharmaceuticals,16,16,28,23,28,23,40,50,43,51,39,45,66,81,83,63,59,79,102,119,102,105,132,128,129,124,173,156,193,160,201,248,300,362,366,364,390
Austria,AT,Total,11 - Analysis of biological materials,4,8,4,4,9,7,7,7,8,3,6,5,3,10,10,18,16,19,19,16,15,17,17,16,21,13,15,15,24,24,50,24,34,27,37,31,25
Austria,AT,Total,13 - Medical technology,52,44,64,53,54,64,68,71,93,69,74,68,83,95,76,100,74,77,65,81,72,77,74,100,110,100,137,91,154,159,186,191,236,276,301,285,347
Austria,AT,Total,15 - Biotechnology,9,16,16,17,23,17,20,22,34,33,40,19,32,56,51,57,54,63,49,50,50,63,66,63,51,57,60,75,62,83,103,89,110,160,133,98,136
Austria,AT,Total,16 - Pharmaceuticals,33,38,42,44,45,37,42,46,49,52,71,58,62,71,77,82,85,86,78,73,59,89,95,124,80,89,96,88,110,121,117,126,115,162,168,137,183
Azerbaijan,AZ,Total,11 - Analysis of biological materials,,,,,,,,,,,,,,1,,3,1,1,,,,,,,,,,,,9,,,,8,,,
Azerbaijan,AZ,Total,13 - Medical technology,,,,,,,,,,,,,,,2,7,10,5,,1,,4,2,5,9,21,30,19,46,,,18,9,1,18,17,41
Azerbaijan,AZ,Total,15 - Biotechnology,,,,,,,,,,,,,,,,2,2,2,,,,,,9,,,,,,,,,,16,,,
Azerbaijan,AZ,Total,16 - Pharmaceuticals,,,,,,,,,,,,,,,1,2,3,4,1,1,10,1,,,9,9,27,18,18,,,18,8,25,9,16,56
Bahamas,BS,Total,13 - Medical technology,2,1,2,4,1,2,,,2,,1,1,,,,,,,2,1,3,3,5,,,3,3,1,,1,1,2,1,1,3,,1
Bahamas,BS,Total,15 - Biotechnology,,2,,,4,1,1,,,,1,,,,,,,,,,,1,,3,,,1,,2,,,,2,,2,2,3
Bahamas,BS,Total,16 - Pharmaceuticals,,3,,,3,,,,1,1,1,,,,1,,1,,,,2,,,2,,2,1,1,6,7,6,3,7,15,29,38,54
Bahrain,BH,Total,13 - Medical technology,,,,,,,,,,,,,,,,,,,,2,,,,,,,,,,,,,,,,,
Bahrain,BH,Total,15 - Biotechnology,,,,,,,,,,,,,,,,,,,,,,,,,,,,,,,,,,,,,1
Bangladesh,BD,Total,15 - Biotechnology,,,,,,,,,,,,,,,,,,,,,,,,,,,,,,,,,,,1,,1
Barbados,BB,Total,11 - Analysis of biological materials,,,,,,,,,,,2,,,,,,1,,,,,1,1,2,2,4,1,3,1,1,1,,,,,,1
Barbados,BB,Total,13 - Medical technology,,,,,,,,,1,,,,,,2,1,1,5,2,6,8,22,35,56,93,141,120,141,154,187,215,243,169,108,88,21,20
Barbados,BB,Total,15 - Biotechnology,,,,,,,,,,,1,,,,,,2,,1,,,1,1,3,3,6,2,4,1,2,1,1,2,,,,
Barbados,BB,Total,16 - Pharmaceuticals,,,,,,,,,,,,1,,,,,,,2,,,,3,4,5,8,13,9,15,15,25,19,16,11,7,15,12
Belarus,BY,Total,11 - Analysis of biological materials,,,,,,,,,,,,,,,13,9,16,14,4,4,3,1,6,3,18,,11,2,10,2,18,36,10,1,5,2,9
Belarus,BY,Total,13 - Medical technology,,,,,,,,,,,,,,,18,15,16,21,14,53,19,27,28,43,40,55,43,31,56,24,30,22,52,28,37,63,51
Belarus,BY,Total,15 - Biotechnology,,,,,,,,,,,,,,1,6,4,3,1,2,2,1,1,,1,11,,,2,,,9,1,17,2,,,
Belarus,BY,Total,16 - Pharmaceuticals,,,,,,,,,,,,,,5,12,7,7,8,1,1,13,1,22,11,31,10,40,1,11,10,29,9,29,11,8,26,33
Belgium,BE,Total,11 - Analysis of biological materials,13,9,13,17,16,26,25,12,15,20,15,12,16,18,22,17,20,16,17,25,15,18,30,35,47,42,39,51,56,57,58,65,66,56,62,62,70
Belgium,BE,Total,13 - Medical technology,33,32,39,32,43,47,54,39,25,23,22,26,30,23,23,18,27,39,36,38,37,43,62,80,71,49,57,42,62,95,108,100,134,169,163,173,252
Belgium,BE,Total,15 - Biotechnology,17,14,27,27,20,29,34,37,29,49,37,35,39,44,36,46,61,45,57,59,70,52,80,84,142,124,204,153,171,210,209,221,262,256,272,298,380
Belgium,BE,Total,16 - Pharmaceuticals,84,101,91,96,126,115,108,86,103,110,88,104,131,156,135,141,203,215,163,195,254,233,364,348,347,387,472,397,502,533,556,549,675,598,698,621,618
Belize,BZ,Total,11 - Analysis of biological materials,,,,,,,,,,,,,,,,,,,,,,,,,,,,1,,,,,,,,,
Belize,BZ,Total,13 - Medical technology,,,,,,,,,,,,,,,,,,,,,,,,,1,,,1,,,,2,,6,1,2,3
Belize,BZ,Total,15 - Biotechnology,,,,,,,,,,,,,,,,,,,,,,,,,,,2,2,1,,,4,4,1,,,
Belize,BZ,Total,16 - Pharmaceuticals,,,,,,,,,,,,,,,,,,,,,,,,,,,,,,,,1,1,,,,
Benin,BJ,Total,13 - Medical technology,,,,,,,,,,,,,,,,,,,,,,,,,,,16,,,,,,,,,,
Benin,BJ,Total,16 - Pharmaceuticals,,,,,,,,,,,,,,,,,,,,,,,16,,16,1,1,16,1,,,,,,,,
Bermuda,BM,Total,11 - Analysis of biological materials,,,,,,,,,,,,,,,,,,,,,1,,,1,1,2,10,1,2,1,,2,1,3,4,1,2
Bermuda,BM,Total,13 - Medical technology,,,,,,1,3,1,1,,,,,,1,1,,2,3,1,2,1,1,,3,1,,1,3,9,6,9,7,8,33,65,97
Bermuda,BM,Total,15 - Biotechnology,,,2,1,,,1,,,,,,,,,,,,,1,11,2,3,5,13,10,16,4,8,3,7,13,16,14,24,20,24
Bermuda,BM,Total,16 - Pharmaceuticals,,,1,4,4,5,7,2,2,4,4,4,5,3,4,1,5,1,8,5,16,16,18,18,30,21,51,32,36,34,42,59,84,83,79,67,41
Bolivia (Plurinational State of),BO,Total,13 - Medical technology,,,,,,,,,,,,,,,,,,,,,,,,,,,,,,,,,,1,1,1,
Bolivia (Plurinational State of),BO,Total,16 - Pharmaceuticals,,1,,,,1,,,,,,,,,,,,,,,,,,,,,,,,,,,,,,,
Bosnia and Herzegovina,BA,Total,13 - Medical technology,,,,,,,,,,,,,,,,,,,,,,1,,,,,,,,,,,,,,,2
Bosnia and Herzegovina,BA,Total,15 - Biotechnology,,,,,,,,,,,,,,,,,,,,,,,,,,,,2,1,2,,,1,,1,,
Bosnia and Herzegovina,BA,Total,16 - Pharmaceuticals,,,,,,,,,,,,,,,,,,,,,,,,1,1,,,2,1,3,,1,2,,1,,
Brazil,BR,Total,11 - Analysis of biological materials,,,,,,,,,,4,2,1,3,,,,3,,3,,1,3,,3,4,2,2,1,3,3,1,3,4,6,4,5,9
Brazil,BR,Total,13 - Medical technology,,1,3,,1,5,1,2,4,5,7,9,10,9,9,4,5,7,6,14,12,18,23,27,21,33,25,12,19,33,27,37,41,40,52,57,47
Brazil,BR,Total,15 - Biotechnology,,,4,2,,2,,,,1,,1,,2,2,1,,1,,4,1,8,20,6,27,7,24,8,7,10,21,16,21,35,41,41,50
Brazil,BR,Total,16 - Pharmaceuticals,,,1,2,2,2,3,1,1,,,2,1,,1,3,3,16,4,5,7,7,19,9,27,9,31,13,18,26,29,28,28,54,42,54,54
Bulgaria,BG,Total,11 - Analysis of biological materials,8,6,10,11,10,13,15,20,12,13,13,6,7,8,,1,3,2,2,1,1,,1,,,1,1,,2,1,1,1,,,1,,1
Bulgaria,BG,Total,13 - Medical technology,39,35,48,30,41,42,57,51,35,30,30,20,33,23,1,8,9,6,5,11,7,8,11,5,4,22,9,,8,3,17,3,4,7,2,3,3
Bulgaria,BG,Total,15 - Biotechnology,5,5,25,19,26,45,40,36,28,40,48,40,23,36,1,4,8,6,4,12,13,3,2,3,4,,,1,1,6,1,3,3,12,4,3,
Bulgaria,BG,Total,16 - Pharmaceuticals,23,28,31,27,23,36,34,37,36,38,38,27,33,27,5,17,15,16,13,19,14,8,27,8,4,10,3,16,19,24,16,9,6,7,2,2,5
Burkina Faso,BF,Total,16 - Pharmaceuticals,,,,,,,,,,,,,,,,,,,,,,,,16,,,,,,,,,,,,,
Burundi,BI,Total,16 - Pharmaceuticals,,,,,,,,,,,,,,,,,,,,,,,,1,,,,,,,,,,1,,,
Cabo Verde,CV,Total,15 - Biotechnology,,,,,,,,,,,,,,,,,,,,1,,,,2,,,,,,,,,,,,,
Cabo Verde,CV,Total,16 - Pharmaceuticals,,,,,,,,,,,,,,,,,,,,1,,,,4,3,,,,,,,,,,,,
Cameroon,CM,Total,13 - Medical technology,,,,,,,,,,,,,,,,14,,,,,,,,,,,,16,,,,,1,,,,
Cameroon,CM,Total,15 - Biotechnology,,,,,,,,,,,,,,,,,,,,,,,,,,1,16,,,,,1,,,,,
Cameroon,CM,Total,16 - Pharmaceuticals,,,,,,,,,,,,,,,42,,,,,,,,16,48,,,128,,,1,2,2,2,3,1,1,2
Canada,CA,Total,11 - Analysis of biological materials,12,15,10,12,10,14,10,14,14,19,19,26,29,31,33,34,43,41,60,66,69,70,69,77,81,52,72,86,72,73,100,81,87,83,80,95,95
Canada,CA,Total,13 - Medical technology,72,77,80,79,103,91,88,93,105,107,110,138,134,151,181,159,142,173,204,197,189,225,238,313,265,252,245,242,224,268,335,386,419,469,506,569,606
Canada,CA,Total,15 - Biotechnology,13,17,12,24,33,37,37,24,32,46,43,61,56,117,70,78,91,115,178,222,212,224,259,240,243,221,240,243,262,234,281,290,319,337,292,273,260
Canada,CA,Total,16 - Pharmaceuticals,30,36,31,38,57,43,57,49,46,52,45,59,87,117,125,119,153,161,247,289,256,288,324,361,320,326,390,343,379,356,428,402,483,512,530,544,543
Central African Republic,CF,Total,13 - Medical technology,,,,,,,,,,,,,,,,,,1,,1,,,,,,,,,,,,,,1,,,
Central African Republic,CF,Total,15 - Biotechnology,,,,,,,,,,,,,,,,,,,,,,,,,,,,,,,,,,1,,,
Chile,CL,Total,11 - Analysis of biological materials,,,,,,,,,,,,,,,,,,,1,,,,,,,1,,,,1,,,2,1,1,4,3
Chile,CL,Total,13 - Medical technology,,1,,,,,,,,,,,,,2,,,1,1,,,,,1,4,1,,,,,2,5,3,7,4,7,6
Chile,CL,Total,15 - Biotechnology,,,,,,,,,,,,,1,2,1,1,3,1,,,,,,1,,1,5,4,4,6,6,8,8,12,13,9,8
Chile,CL,Total,16 - Pharmaceuticals,,,,,,,,1,1,,,,,,,,1,1,3,,,,,,2,1,2,1,2,2,4,4,7,9,17,12,12
China,CN,Total,11 - Analysis of biological materials,,,,,,,,,,,,,,2,3,5,6,8,4,5,13,23,15,60,102,118,152,150,137,250,291,390,620,790,1126,1724,1967
China,CN,Total,13 - Medical technology,,1,,,,1,1,1,5,4,6,12,6,64,91,80,43,40,98,77,191,198,146,312,455,421,536,576,895,1394,1427,1805,2652,2902,3332,4941,5786
China,CN,Total,15 - Biotechnology,1,,,,,,,,,,1,2,1,10,14,16,18,26,37,31,121,153,85,292,575,657,924,1014,1047,1191,1849,2813,4515,5712,5339,5016,5098
China,CN,Total,16 - Pharmaceuticals,1,,,,,1,3,3,3,6,3,3,3,17,23,51,40,53,90,178,1219,1228,731,1094,1907,2161,3304,3431,3293,3894,4631,7581,7903,7972,8822,8444,7332
"China, Hong Kong SAR",HK,Total,11 - Analysis of biological materials,,,,,,,1,,,,,,,1,,1,,,,,,1,1,4,3,2,2,6,2,11,4,6,2,5,8,12,9
"China, Hong Kong SAR",HK,Total,13 - Medical technology,3,6,3,4,7,3,3,3,8,5,5,,2,5,7,10,20,10,12,7,9,4,16,15,20,24,17,27,19,32,19,26,28,37,36,39,41
"China, Hong Kong SAR",HK,Total,15 - Biotechnology,,,,,,,,,,,,,,,1,1,1,1,3,4,3,2,3,5,8,8,22,11,14,16,26,18,21,29,29,32,38
"China, Hong Kong SAR",HK,Total,16 - Pharmaceuticals,,5,2,1,7,1,,,,1,,4,,2,4,3,2,3,2,2,3,2,7,8,4,13,23,18,24,24,18,18,20,26,37,22,47
"China, Macao SAR",MO,Total,13 - Medical technology,,,,,,,,,,,,,,,,1,,,,,,,,,,,,,,,,,,,,,
"China, Macao SAR",MO,Total,15 - Biotechnology,,,,,,,,,,,,,,,,1,,,,,,,,,,,,,,,,,,,,,
"China, Macao SAR",MO,Total,16 - Pharmaceuticals,,,,,,,,,,,,,,,,,,,,,,,,,,,,,,,,,1,,,,1
Colombia,CO,Total,11 - Analysis of biological materials,,,,,1,,,,,,,,,,,,,,,,,,,,,,,,,,,,1,,,,
Colombia,CO,Total,13 - Medical technology,,2,,4,2,1,1,,1,2,1,1,2,3,1,,3,2,1,3,4,6,4,9,5,5,2,1,6,2,7,2,4,5,2,7,4
Colombia,CO,Total,15 - Biotechnology,,,,,,,,,1,1,2,1,1,2,,,,,1,,,,,,,,1,,,1,1,3,2,2,10,7,4
Colombia,CO,Total,16 - Pharmaceuticals,,,,,,,,,1,1,,,,,,,,,,,,,,,1,1,1,,,,,1,2,2,3,5,4
Congo,CG,Total,13 - Medical technology,,,,,,,,,,,,,,14,14,,,,,,,,,,,,,,,,,,,,,,
Congo,CG,Total,16 - Pharmaceuticals,,,,,,,,,,,,,,,,,,,,,,,32,,,,,,,,,,,,,,
Cook Islands,CK,Total,13 - Medical technology,,,,,,,,,,,,,,,,,,,,,,,,,1,,1,,,,,,,,,,
Cook Islands,CK,Total,16 - Pharmaceuticals,,,,,,,,,,,,,,,,,,,,,,,,1,,,,,,,,,,,,,
Costa Rica,CR,Total,13 - Medical technology,,1,,1,,,,,,,1,,,,1,,,,,3,3,1,,1,,,,,,1,,2,2,1,2,2,1
Costa Rica,CR,Total,15 - Biotechnology,,,,,,,,,,,,,,,1,,,,,,,,,,,,,,,,,,,,1,,2
Costa Rica,CR,Total,16 - Pharmaceuticals,,,,,,,,,,,,,,,,,,,,1,1,1,,,,,1,,,,1,,1,1,1,,2
Côte d'Ivoire,CI,Total,11 - Analysis of biological materials,,,,,,,,,,,,,,,,,,,,,,,16,,,,,,,,,,,,,,
Côte d'Ivoire,CI,Total,15 - Biotechnology,,,,,,,,,,,,,,,,,,,,,,,16,,,,,,,,,,,,,,
Côte d'Ivoire,CI,Total,16 - Pharmaceuticals,,,,,,,,,,,,,,,,,,,,,,,16,,,,,,,,,,,,,,
Croatia,HR,Total,11 - Analysis of biological materials,,,,,,,,,,,,,,,,,,,,,,,,,,,,,2,1,,1,5,4,1,1,3
Croatia,HR,Total,13 - Medical technology,,,,,,,,,,,,,,,,,,1,2,10,2,4,10,10,6,2,3,2,10,13,14,18,11,15,7,4,4
Croatia,HR,Total,15 - Biotechnology,,,,1,,1,,,,,1,,1,,3,3,2,5,4,5,3,13,1,4,4,1,11,1,3,1,3,4,3,2,,1,2
Croatia,HR,Total,16 - Pharmaceuticals,2,,3,2,,4,1,,3,1,1,1,4,2,8,14,10,14,26,21,17,28,12,37,52,35,34,34,21,29,28,7,12,24,9,14,12
Cuba,CU,Total,11 - Analysis of biological materials,,,,,,,,1,,,,1,1,,,1,,,1,,1,2,1,2,1,3,1,,1,1,,,,2,1,,
Cuba,CU,Total,13 - Medical technology,,4,2,1,2,5,3,5,1,6,3,3,1,4,4,,,1,,,1,,1,,2,,1,,,2,1,1,,3,3,1,1
Cuba,CU,Total,15 - Biotechnology,,,,,,1,1,,,,,1,,3,5,3,1,7,7,9,4,9,9,17,22,22,41,27,28,35,20,29,27,30,26,30,21
Cuba,CU,Total,16 - Pharmaceuticals,,,,,,1,1,1,1,1,,1,,2,4,3,1,7,7,9,5,9,12,19,34,47,42,49,37,43,41,35,50,59,56,55,55
Cyprus,CY,Total,11 - Analysis of biological materials,,,,,,,,,,,,,,,,,,,,,1,,1,2,2,,,1,,4,2,,1,2,2,1,1
Cyprus,CY,Total,13 - Medical technology,1,,,,,,,,1,2,,,,,1,1,4,4,1,3,4,,,9,12,13,11,7,5,6,6,8,10,6,11,1,2
Cyprus,CY,Total,15 - Biotechnology,,,,,,,,,,,,,,,,,,,,1,1,1,2,4,1,1,1,2,5,13,5,5,3,3,8,14,20
Cyprus,CY,Total,16 - Pharmaceuticals,,,1,,,,,,,,,,,,,1,,,,2,,3,4,8,3,1,2,3,6,4,5,4,8,31,23,62,77
Czechoslovakia,CS,Total,11 - Analysis of biological materials,16,18,10,13,28,28,27,25,28,45,41,15,7,1,,1,,,,,,,,,,,,,,,,,,,,,
Czechoslovakia,CS,Total,13 - Medical technology,66,70,61,68,101,117,118,117,94,81,98,64,40,11,6,1,2,4,2,1,1,,,,2,,,1,,,,,,,,,
Czechoslovakia,CS,Total,15 - Biotechnology,89,95,50,61,68,101,101,85,93,86,85,70,73,16,,1,1,,1,,,,1,,1,1,,,,,,,,,,,1
Czechoslovakia,CS,Total,16 - Pharmaceuticals,35,41,38,21,51,49,53,76,38,59,57,36,56,26,2,5,4,2,2,1,,,2,,,1,1,1,,1,2,,1,1,,,2
Czech Republic,CZ,Total,11 - Analysis of biological materials,3,3,3,4,2,,,,1,,1,,2,1,,2,3,3,3,,1,2,2,2,1,2,2,1,2,4,5,7,8,12,11,12,8
Czech Republic,CZ,Total,13 - Medical technology,5,6,7,13,17,3,2,4,3,4,5,4,1,9,12,15,18,17,8,4,6,8,5,9,9,12,14,9,24,30,20,21,37,35,25,30,52
Czech Republic,CZ,Total,15 - Biotechnology,6,10,6,3,8,3,1,2,2,1,2,,,5,19,24,33,12,15,9,9,10,10,9,8,6,22,5,14,21,18,27,21,16,17,16,17
Czech Republic,CZ,Total,16 - Pharmaceuticals,5,4,6,4,3,3,4,4,5,3,1,2,4,6,16,26,21,18,19,20,12,23,16,23,31,49,47,62,55,67,44,75,60,67,51,43,60
Democratic People's Republic of Korea,KP,Total,13 - Medical technology,,,,,,,,,,,,,,,,,,1,,,,,,,,,,,,,,3,1,1,,,
Democratic People's Republic of Korea,KP,Total,15 - Biotechnology,,,,,,,,,,,,,,,1,,,,,,,,,,,,,,,,,,,,1,,
Democratic People's Republic of Korea,KP,Total,16 - Pharmaceuticals,,,,,,,,,,,,1,,1,,,,,1,3,,,1,,,1,,,,,,,,,,,
Denmark,DK,Total,11 - Analysis of biological materials,4,9,10,10,3,7,7,5,7,5,7,15,13,32,25,17,24,23,19,23,15,28,30,45,41,52,37,40,48,37,55,65,47,61,72,48,50
Denmark,DK,Total,13 - Medical technology,43,47,33,27,50,41,31,43,55,48,52,58,85,68,67,84,82,98,104,122,109,100,157,204,232,176,191,184,222,255,301,325,338,335,385,471,468
Denmark,DK,Total,15 - Biotechnology,28,39,40,48,56,47,54,53,49,50,60,67,85,135,117,110,91,136,146,150,135,173,159,205,184,198,220,220,252,303,306,358,332,356,453,420,551
Denmark,DK,Total,16 - Pharmaceuticals,43,46,45,50,56,48,56,59,52,63,79,88,114,131,137,154,141,160,182,169,136,206,277,286,257,292,289,324,292,336,352,343,401,422,376,379,467
Dominican Republic,DO,Total,13 - Medical technology,,,,,,,1,,,1,,,,,,,,,3,1,,,,,,,1,1,,1,1,2,1,1,1,,
Dominican Republic,DO,Total,15 - Biotechnology,,,,,,,,,,,,,,,,,,,,,,,,,,,,,,,,,,1,,,
Dominican Republic,DO,Total,16 - Pharmaceuticals,,,,,,,,,,,,,,,,,,,,,,,,,,,,,,1,1,1,,,,,
Ecuador,EC,Total,11 - Analysis of biological materials,,,,,,,,,,,,,,,,,,,,,1,,,,,,,,,,,,,,,,
Ecuador,EC,Total,13 - Medical technology,,,,,,,,,,1,,,,,1,,,,,1,,,,,,,,,,,,1,,,,,
Ecuador,EC,Total,16 - Pharmaceuticals,,,,,,,,,,,,,,,,,,,,,,,,,,,,2,1,1,,1,,2,2,2,
Egypt,EG,Total,11 - Analysis of biological materials,,,,,,,,,,,,,,1,,,,,,,,1,2,,1,1,,1,,1,,,1,,,,
Egypt,EG,Total,13 - Medical technology,1,,2,,1,2,2,,,1,2,3,4,3,3,5,4,5,2,3,12,12,14,14,10,3,4,17,13,9,4,7,5,12,9,5,1
Egypt,EG,Total,15 - Biotechnology,,,,,,,,,,,,,1,,,2,1,1,,2,1,,1,3,3,4,1,,7,10,6,4,2,3,2,4,1
Egypt,EG,Total,16 - Pharmaceuticals,,,,,1,1,,1,,,1,1,1,,3,3,3,3,1,2,5,3,6,4,6,9,2,23,8,4,5,3,2,4,1,1,1
El Salvador,SV,Total,13 - Medical technology,,,,,,,,,,,,,,,,,,,,,,1,,,,,,1,1,,,,,,,,
El Salvador,SV,Total,16 - Pharmaceuticals,,,,,,,,,,,,,,,,,,,,,,,,,,,,,,,,,,,,1,
Estonia,EE,Total,11 - Analysis of biological materials,,,,,,,,,,,,,,,,1,1,9,2,2,,1,,2,1,,,,,,9,2,2,22,5,5,7
Estonia,EE,Total,13 - Medical technology,,,,,,,,,,,2,1,,,6,42,35,46,3,9,5,5,7,5,1,,,5,2,3,6,5,7,5,,3,7
Estonia,EE,Total,15 - Biotechnology,,,,,,,,,,,,,,,,1,,1,,,,,1,,10,1,4,5,4,3,5,4,9,4,5,9,7
Estonia,EE,Total,16 - Pharmaceuticals,,,,,,,,,,,,,,,,4,9,15,,3,2,3,2,2,,1,2,1,4,6,3,4,4,5,3,3,5
Finland,FI,Total,11 - Analysis of biological materials,9,7,5,10,15,15,23,28,18,27,29,25,22,24,21,20,29,27,24,34,27,36,43,49,41,30,34,26,33,50,35,28,26,19,35,42,40
Finland,FI,Total,13 - Medical technology,12,23,22,29,36,30,37,51,46,67,70,71,78,70,86,84,90,109,112,109,91,104,102,136,134,143,101,98,128,117,139,96,106,131,204,203,250
Finland,FI,Total,15 - Biotechnology,4,1,3,9,14,11,24,23,15,28,28,22,37,37,40,41,54,42,56,56,40,40,60,41,64,53,50,52,59,63,74,49,49,64,82,85,107
Finland,FI,Total,16 - Pharmaceuticals,18,17,22,31,31,33,43,33,41,33,41,35,39,59,43,70,74,62,63,73,66,89,139,132,152,104,104,106,109,82,103,97,104,97,81,71,74
France,FR,Total,11 - Analysis of biological materials,40,50,53,52,61,77,102,106,86,103,88,87,112,125,166,137,109,162,130,142,117,124,161,200,169,150,213,195,177,207,207,212,263,262,324,339,397
France,FR,Total,13 - Medical technology,296,249,355,347,461,582,583,541,582,590,619,596,641,593,828,947,790,1100,1010,996,796,791,858,1078,1214,1079,995,905,1102,1090,1085,1163,1469,1367,1434,1580,1676
France,FR,Total,15 - Biotechnology,139,117,138,235,233,225,277,271,298,295,322,273,390,340,490,492,436,493,462,451,384,440,542,650,710,503,625,589,506,548,562,605,675,748,777,907,1053
France,FR,Total,16 - Pharmaceuticals,664,607,657,819,970,1107,1104,1081,845,929,780,845,1491,862,1096,1075,956,1039,975,958,898,1151,1400,1599,1563,1293,1772,1379,1329,1342,1519,1472,1731,1785,1748,1587,1788
Gabon,GA,Total,15 - Biotechnology,,,,,,,,,,,,,,,,,,,,,,,,,,,,,,,,,,,1,,
Gabon,GA,Total,16 - Pharmaceuticals,,,,,,,,,,,,,,,,,,,,,,,,,,,,1,1,,,,,,,,
Georgia,GE,Total,11 - Analysis of biological materials,,,,,,,,,,,,,,,,1,,,,,3,1,,,,1,1,,2,,,,1,,,,
Georgia,GE,Total,13 - Medical technology,,,,,,,,,,,,,,2,4,10,3,1,,,26,11,7,13,2,8,5,2,2,,,,2,,,2,6
Georgia,GE,Total,15 - Biotechnology,,,,,,,,,,,,,,,,2,,,9,,3,2,1,1,1,,1,1,1,,,,1,,1,,
Georgia,GE,Total,16 - Pharmaceuticals,,,,,,,,,,,,,,,1,3,,3,2,9,15,18,26,10,11,12,21,8,30,9,6,8,4,7,1,4,
German Democratic Republic,DD,Total,11 - Analysis of biological materials,3,26,11,29,69,97,62,53,59,71,67,13,,,,,,,,,,,,,,,,,,,4,3,,,,,1
German Democratic Republic,DD,Total,13 - Medical technology,51,47,59,72,135,212,153,151,128,121,103,31,5,2,,2,,2,,,,,,,,,,,,,12,12,,,1,2,
German Democratic Republic,DD,Total,15 - Biotechnology,39,57,50,58,111,184,135,148,133,165,204,38,4,2,,,1,1,,1,1,,,,,,,,,,5,7,,,,,1
German Democratic Republic,DD,Total,16 - Pharmaceuticals,15,17,18,15,26,59,45,55,36,60,41,27,6,,,2,1,,,,1,,,,,,,,,,21,30,1,1,,2,1
Germany,DE,Total,11 - Analysis of biological materials,150,203,205,207,159,217,180,164,155,195,196,265,244,261,273,264,309,301,298,303,285,339,417,426,412,360,446,398,409,381,462,460,423,480,446,497,503
Germany,DE,Total,13 - Medical technology,794,823,943,937,836,1072,1160,1103,1045,1158,1074,1369,1191,1310,1340,1345,1236,1268,1341,1393,1203,1385,1732,2086,2336,2215,2180,2193,2267,2337,2768,2769,3373,3752,4116,4408,5433
Germany,DE,Total,15 - Biotechnology,293,321,345,351,322,407,393,391,374,386,444,643,538,624,543,658,559,631,665,679,598,686,757,856,989,891,1119,1026,1111,1134,1231,1223,1267,1349,1314,1473,1558
Germany,DE,Total,16 - Pharmaceuticals,1099,1073,1081,1086,1185,1232,1300,1072,1081,1148,1138,1223,1218,1250,1171,1239,1157,1189,1291,1325,1210,1400,1656,1971,2008,1911,2352,2069,2204,2255,2300,2201,2290,2443,2335,2295,2588
Ghana,GH,Total,15 - Biotechnology,,,,,,,,,,,1,,,,,,,,,,,,,,,,,,,,,,,,,,
Ghana,GH,Total,16 - Pharmaceuticals,,,,,,,,,,,,,,,,,,,1,,,,1,,,,,1,,1,2,,,,,,
Greece,GR,Total,11 - Analysis of biological materials,,,,,,,,,,,,,1,,,,,1,,,1,1,1,3,4,2,2,5,6,5,4,4,1,4,1,2,2
Greece,GR,Total,13 - Medical technology,,,,1,,,1,3,,1,5,5,6,20,11,11,11,15,17,22,11,17,10,20,15,23,22,27,28,36,42,32,24,28,19,17,23
Greece,GR,Total,15 - Biotechnology,,,,,,,,,,,,2,2,1,3,,1,3,3,2,1,4,6,7,12,3,8,10,5,7,10,7,10,10,5,3,8
Greece,GR,Total,16 - Pharmaceuticals,,2,4,,,1,1,2,,1,1,1,1,5,4,1,3,3,2,16,10,9,32,27,23,31,29,16,23,34,29,27,43,42,61,50,32
Grenada,GD,Total,16 - Pharmaceuticals,,,,,,,2,,,,,,,1,,,,,,,,,,,,,,,,,,1,,,,,
Guatemala,GT,Total,13 - Medical technology,,,,,1,,,,,,,,,,1,,,,1,,,,,,,,,,,,,,,,,,
Guatemala,GT,Total,15 - Biotechnology,,,,,,1,,,,,,,,,,,,,,,,,,,,,,,,,,,,,,1,
Guatemala,GT,Total,16 - Pharmaceuticals,,,,,,,,1,,,,,,,,,,,,,,,,,,,,,,,,,,,,1,
Guinea,GN,Total,16 - Pharmaceuticals,,,,,,,,,,,,,,,,,,,,,,,,,,,,,,,,1,1,1,2,,
Guinea-Bissau,GW,Total,16 - Pharmaceuticals,,,,,,,,,,,,,,,,,,,,,,,,1,,,,,,,,,,,,,
Haiti,HT,Total,13 - Medical technology,,,,,,,,,,,,,,,,,,2,,1,,,,,,,,,,,,,,,,,
Honduras,HN,Total,13 - Medical technology,,,,,,,,,,1,,,,,,,,,,,,,,,,,,,,,,,,,,,
Hungary,HU,Total,11 - Analysis of biological materials,15,6,5,4,10,27,23,32,16,11,26,14,12,8,5,7,2,8,3,2,1,2,2,3,,5,4,11,3,3,2,4,3,7,6,4,6
Hungary,HU,Total,13 - Medical technology,38,35,36,41,33,96,85,69,52,60,57,56,64,33,37,51,22,32,17,16,14,26,17,27,19,21,13,15,15,20,28,25,19,24,20,30,21
Hungary,HU,Total,15 - Biotechnology,24,25,38,51,61,101,96,92,72,58,70,73,56,50,32,43,20,22,20,8,8,10,20,17,32,15,26,21,12,15,25,26,10,16,13,18,20
Hungary,HU,Total,16 - Pharmaceuticals,188,208,205,261,290,281,312,263,270,256,247,240,219,207,172,179,115,118,87,64,72,76,75,122,88,111,130,131,174,90,152,87,127,131,72,110,108
Iceland,IS,Total,11 - Analysis of biological materials,,,,,1,,,1,3,1,,,,,,,,,1,,,,,1,,1,,10,10,3,,1,1,1,5,1,2
Iceland,IS,Total,13 - Medical technology,,,,,,,,2,,,1,,2,,,2,,1,1,1,4,2,3,6,5,17,14,20,30,27,24,38,36,39,49,89,69
Iceland,IS,Total,15 - Biotechnology,,,,,,,,1,,,,,,,,,,,,,,1,2,1,5,3,2,5,9,7,10,11,14,24,30,16,17
Iceland,IS,Total,16 - Pharmaceuticals,,,,,,,,,,,,,,,2,4,3,2,,5,3,2,34,6,7,9,10,54,8,29,6,10,18,21,16,11,16
India,IN,Total,11 - Analysis of biological materials,3,,,,,,,,1,,,1,1,,,,,1,2,4,2,,2,6,2,7,6,11,14,15,15,20,24,13,17,20,15
India,IN,Total,13 - Medical technology,,1,,,,,1,1,,1,,1,,1,2,3,,,2,1,1,6,4,8,10,10,9,3,39,21,21,31,52,91,85,89,109
India,IN,Total,15 - Biotechnology,1,,,1,,,6,3,5,,2,,2,2,1,2,2,6,7,7,6,14,24,39,32,46,63,69,77,81,101,88,89,101,84,102,158
India,IN,Total,16 - Pharmaceuticals,4,,3,4,1,5,1,1,4,1,2,,3,3,4,3,7,11,21,28,30,52,74,128,206,174,316,272,280,262,284,233,349,390,365,348,496
Indonesia,ID,Total,11 - Analysis of biological materials,1,,,,,,,,,,,,,,,,,,,1,1,,,,,,,,,,,,,,,,
Indonesia,ID,Total,13 - Medical technology,,,,,,,,,,,,,1,,,,1,1,,1,,,,,,,,1,,,,,,,,,
Indonesia,ID,Total,15 - Biotechnology,,,,,,,,,,,,,,,,,,,,,,,,,,,,,,,,,1,,,,
Indonesia,ID,Total,16 - Pharmaceuticals,,,,,,,,,,,,,1,,1,1,,1,,,1,,1,1,,,,1,,,,,1,1,5,6,4
Iran (Islamic Republic of),IR,Total,11 - Analysis of biological materials,,,,,,,,,,,,,,,,,,,,,,1,,,,,,,1,,,,,1,,,
Iran (Islamic Republic of),IR,Total,13 - Medical technology,,,,,,,,,,,1,,1,,,,,,2,1,1,1,5,2,,,,,,,,4,1,5,4,3,5
Iran (Islamic Republic of),IR,Total,15 - Biotechnology,,,,,,,,,,,,,,,,,,,,,,1,,1,,1,,,1,,,,,,,1,1
Iran (Islamic Republic of),IR,Total,16 - Pharmaceuticals,,1,,,,,1,,,,,,,,,,,,,,,1,1,2,1,1,,,1,1,3,10,2,2,5,4,5
Iraq,IQ,Total,13 - Medical technology,,,,,1,,,1,1,2,1,,,,,,,,,,,,,,,,,,,,,1,,2,1,,
Ireland,IE,Total,11 - Analysis of biological materials,,,,,,1,5,1,4,2,2,2,2,5,3,8,6,9,10,12,11,7,4,7,5,4,11,7,7,13,9,7,15,13,9,16,16
Ireland,IE,Total,13 - Medical technology,4,9,10,10,11,10,11,12,9,15,9,13,17,37,43,53,56,43,68,50,52,32,47,62,86,77,66,79,65,87,146,122,126,177,273,323,369
Ireland,IE,Total,15 - Biotechnology,1,,,,,1,,1,2,1,2,7,21,8,4,4,16,9,15,19,11,17,16,16,33,14,25,23,33,37,35,48,58,53,57,70,53
Ireland,IE,Total,16 - Pharmaceuticals,6,4,4,7,8,11,12,21,12,32,27,26,38,25,36,26,39,49,63,53,64,125,121,159,89,102,154,109,195,222,206,213,238,186,238,257,298
Israel,IL,Total,11 - Analysis of biological materials,6,20,10,18,12,9,12,9,8,10,10,8,15,7,7,10,5,9,24,22,20,20,20,29,34,28,28,27,33,31,30,32,30,37,25,43,47
Israel,IL,Total,13 - Medical technology,19,17,20,22,24,24,33,30,35,49,44,51,54,44,46,49,49,75,133,108,118,154,190,235,230,179,211,189,228,315,448,446,539,679,742,837,936
Israel,IL,Total,15 - Biotechnology,6,9,8,11,11,12,12,23,27,38,24,17,23,29,29,43,36,33,45,59,48,55,67,86,100,70,100,87,94,110,116,117,150,165,154,185,189
Israel,IL,Total,16 - Pharmaceuticals,17,13,17,13,11,9,17,25,32,35,39,44,53,47,58,62,52,49,65,89,82,79,149,165,170,153,157,185,208,231,223,232,298,353,322,332,364
Italy,IT,Total,11 - Analysis of biological materials,17,24,21,28,20,24,32,28,21,35,28,24,28,34,30,31,21,28,23,25,25,15,24,40,31,29,27,40,34,46,54,41,49,69,46,61,72
Italy,IT,Total,13 - Medical technology,88,75,98,91,83,312,344,502,258,369,437,288,309,289,386,423,496,626,595,431,255,377,425,548,318,260,294,250,312,338,425,452,485,700,491,618,655
Italy,IT,Total,15 - Biotechnology,61,65,69,78,77,97,125,151,145,177,166,130,138,176,163,167,151,177,163,161,131,125,102,159,123,109,156,134,120,133,191,227,186,251,207,206,228
Italy,IT,Total,16 - Pharmaceuticals,306,293,351,354,369,496,655,778,609,687,625,526,459,554,554,658,510,572,558,473,429,462,542,694,494,441,573,518,503,600,681,621,743,956,780,705,825
Jamaica,JM,Total,11 - Analysis of biological materials,,,,,2,,,,,,,,,,,,,,,,,,,,,,,,,,,,,,,,
Jamaica,JM,Total,13 - Medical technology,,,,,,,,,,,,,,,,,,,,,2,,1,,,,,,,,,,,1,,,
Jamaica,JM,Total,15 - Biotechnology,,,,,1,,,,,,,,,,,,,,,,,,,,,,,,,,,,,1,,,1
Jamaica,JM,Total,16 - Pharmaceuticals,,,,,1,,,,,,,,,,,,,,,,,,,,,,,,1,,1,,1,,1,1,1
Japan,JP,Total,11 - Analysis of biological materials,144,162,182,198,179,187,239,220,265,317,289,324,338,427,444,485,425,422,427,467,393,408,514,469,578,545,640,737,765,832,1026,1030,1006,1036,1047,994,954
Japan,JP,Total,13 - Medical technology,751,922,1027,886,967,1204,1603,1498,1554,1536,1798,2497,2121,2246,2547,2069,1912,2193,3002,2940,2702,2652,2761,3354,3759,3951,4121,4643,5142,5604,7163,7860,8325,9339,9819,8385,9910
Japan,JP,Total,15 - Biotechnology,578,848,907,825,825,970,887,954,903,887,895,1291,1407,1638,1614,1543,1221,1336,1566,1492,1547,1212,1051,1269,1461,1374,1604,1697,1860,1995,2235,2492,2458,2602,2519,2574,2661
Japan,JP,Total,16 - Pharmaceuticals,884,957,1075,1111,1254,1388,1445,1388,1550,1556,1369,1714,1672,1877,1704,1678,1541,1544,1669,1725,1480,1606,1345,1547,1753,1493,1756,1951,1976,2224,2627,3182,3666,3699,3666,3105,3356
Jordan,JO,Total,11 - Analysis of biological materials,,,,,,,,,,,,,,,,,,2,,,,,,,,1,,,,1,2,7,,,,,
Jordan,JO,Total,13 - Medical technology,,,,,,,,,,,,,,,,,,1,,,,,,,,,,,,,,1,,,,3,
Jordan,JO,Total,15 - Biotechnology,,,,,,,,,,,,,,,,,,2,,,,,,,,,,,,1,1,5,,,,,
Jordan,JO,Total,16 - Pharmaceuticals,,,,,,,,,,,,,1,,,,,3,1,,,2,,1,2,1,3,4,6,2,11,3,2,2,,3,1
Kazakhstan,KZ,Total,11 - Analysis of biological materials,,,,,,,,,,,,,,,5,5,3,2,3,1,,,18,,1,,,,,9,9,,,,,,9
Kazakhstan,KZ,Total,13 - Medical technology,,,,,,,,,,,,,,,28,14,14,3,20,,1,1,3,13,9,10,1,,9,19,9,18,11,24,20,9,57
Kazakhstan,KZ,Total,15 - Biotechnology,,,,,,,,,,,,,,2,2,5,,1,,,1,1,,,9,,9,,,,,1,,,8,8,17
Kazakhstan,KZ,Total,16 - Pharmaceuticals,,,,,,,,,,,,,,2,7,6,2,10,3,3,3,1,19,2,10,9,9,27,18,1,1,11,18,8,8,32,59
Kenya,KE,Total,11 - Analysis of biological materials,,,,,,,,,,,,,,,,,,,,,,,,,,,,,1,,,,,,1,,
Kenya,KE,Total,15 - Biotechnology,,,,,,,1,,,,,,,1,,,,,,,,,,,,,2,,1,,,1,,,1,,
Kenya,KE,Total,16 - Pharmaceuticals,,,1,,,,1,,,,,,,2,,1,,1,,,2,10,,,1,,,,,1,1,2,2,2,1,1,
Kiribati,KI,Total,11 - Analysis of biological materials,,,,,,,,,,,,,,,,,,,6,10,2,3,2,2,,,,,,,,,,,,,
Kiribati,KI,Total,13 - Medical technology,,,,,,,,,,,,,,,,,,,12,23,14,11,19,14,,,,,,,,,,,,,
Kiribati,KI,Total,16 - Pharmaceuticals,,,,,,,,,,,,,,,,,,,3,7,5,1,4,2,,,,,,,,,,,,,
Kuwait,KW,Total,11 - Analysis of biological materials,,,,,,,,,,,,,,,,,,,,,,,,,,,,,,,,,,,1,,
Kuwait,KW,Total,13 - Medical technology,,,,,,,,,,1,1,,1,,,,,,,1,2,1,,1,1,,1,,2,,1,2,3,13,15,9,7
Kuwait,KW,Total,15 - Biotechnology,,,,,,,,,,,,,,,1,,,,,,,,,,,,,,,,,,1,,1,,
Kuwait,KW,Total,16 - Pharmaceuticals,,,,,,,,,,1,1,,1,,,,,1,,1,1,,,,,,,,,,1,,1,1,4,1,2
Kyrgyzstan,KG,Total,11 - Analysis of biological materials,,,,,,,,,,,,,,,3,1,1,,,,,,,,,,,,,,,,,,,,
Kyrgyzstan,KG,Total,13 - Medical technology,,,,,,,,,,,,,,,2,9,1,2,1,,,,,,,,9,18,19,,10,,1,8,8,,
Kyrgyzstan,KG,Total,16 - Pharmaceuticals,,,,,,,,,,,,,,,3,6,6,5,2,1,,,,,,9,,1,,,,,,,,,
Latvia,LV,Total,11 - Analysis of biological materials,,,,,,,,,,,,,,,1,1,2,,2,,10,3,2,2,3,1,,,,5,5,7,4,2,5,4,
Latvia,LV,Total,13 - Medical technology,,,,,,,,,,,,,,2,11,4,12,5,7,9,6,9,6,13,15,7,,1,5,11,11,10,6,8,4,18,6
Latvia,LV,Total,15 - Biotechnology,,,,,,,,,,,,,,16,3,5,7,2,5,1,3,2,3,1,2,2,,9,,15,5,11,2,3,5,14,3
Latvia,LV,Total,16 - Pharmaceuticals,,,,,,,,,,,,,,13,13,9,6,8,5,13,13,1,4,18,13,7,15,19,7,12,30,24,33,36,48,34,20
Lebanon,LB,Total,11 - Analysis of biological materials,,,,,,,,,,,,,,,,,,,,,,,,1,,,,,,,1,,,,,,
Lebanon,LB,Total,13 - Medical technology,,,,,,,,,,,,,,,,,,1,,,,2,,,1,,,,,,,,,,,,
Lebanon,LB,Total,15 - Biotechnology,,,,,,,,,,,,,,,,,,,,,,,,,,,,,,,,,,,1,1,
Lebanon,LB,Total,16 - Pharmaceuticals,1,,,,,,,,,,,,,,,,,,,,,,,,,,,,,,,,1,1,3,1,
Liberia,LR,Total,13 - Medical technology,,,,,,,,,,,,,1,,1,,,,,,1,,1,,,,,,,,,,,,,,
Libya,LY,Total,11 - Analysis of biological materials,,,,,,,,,,,,,,,,,,,,,,,,,,,,,,,,,,,1,,
Liechtenstein,LI,Total,11 - Analysis of biological materials,3,2,1,,1,3,,,,,,,4,2,3,2,2,3,2,2,1,,1,,,1,1,1,1,,,1,,3,2,,
Liechtenstein,LI,Total,13 - Medical technology,12,9,24,16,17,8,20,11,10,13,16,16,10,19,46,27,54,22,34,32,32,24,36,32,47,52,44,30,41,30,31,42,30,57,62,36,57
Liechtenstein,LI,Total,15 - Biotechnology,1,,,1,3,2,1,3,,2,1,1,1,15,4,4,6,4,13,5,4,28,4,26,2,1,3,2,6,2,3,1,2,,9,6,8
Liechtenstein,LI,Total,16 - Pharmaceuticals,10,9,15,22,11,15,12,16,16,19,18,16,13,35,20,31,30,22,24,28,22,51,18,51,20,16,17,12,28,34,19,41,52,26,36,23,32
Lithuania,LT,Total,11 - Analysis of biological materials,,,,,,,,,,,,,,2,5,2,1,1,,,1,,,,,1,1,,,,2,,,1,1,1,4
Lithuania,LT,Total,13 - Medical technology,,,,,,,,,,,,,2,7,6,11,4,5,2,6,6,6,3,10,3,8,4,7,2,2,8,17,13,5,7,14,10
Lithuania,LT,Total,15 - Biotechnology,,,,,,,,,,,,,,43,20,2,5,1,3,3,,2,1,2,,5,1,1,2,2,,3,4,4,11,12,20
Lithuania,LT,Total,16 - Pharmaceuticals,,,,,,,,,,,,,,3,12,2,14,8,5,6,2,5,7,4,1,1,,1,1,,3,5,6,,2,6,8
Luxembourg,LU,Total,11 - Analysis of biological materials,,,,1,,2,2,,1,,,1,4,2,3,2,4,1,,1,,4,,1,2,,2,,1,,4,,,2,2,6,4
Luxembourg,LU,Total,13 - Medical technology,7,4,6,9,6,6,6,9,8,6,8,12,14,15,7,12,13,14,18,16,23,18,24,26,16,17,21,32,31,26,21,18,29,33,67,112,192
Luxembourg,LU,Total,15 - Biotechnology,1,2,3,3,2,1,1,1,,1,,5,3,,1,1,1,18,3,2,2,4,10,3,1,1,2,5,3,4,5,2,1,8,12,22,24
Luxembourg,LU,Total,16 - Pharmaceuticals,3,4,5,9,10,17,10,24,16,23,17,27,30,27,34,37,33,30,41,60,40,38,57,66,81,79,102,96,150,124,151,147,126,129,186,135,202
Madagascar,MG,Total,13 - Medical technology,,,,,,,,,,,,,,,,,,,,,,,,,,,,,,,,,,,1,,
Malawi,MW,Total,13 - Medical technology,,,,2,,,,,,,,,,1,1,,,,,,,,,,,,,,,,,,,,,,
Malaysia,MY,Total,11 - Analysis of biological materials,,,,,,,,,,,,1,1,,,,,,,,,,,1,,,1,2,2,2,3,4,,7,3,6,3
Malaysia,MY,Total,13 - Medical technology,,,,,,1,,,,,,1,,,,3,1,2,2,1,1,1,1,1,2,4,4,6,4,9,9,18,29,24,33,47,16
Malaysia,MY,Total,15 - Biotechnology,,,,,,,,,,,,,,,,,1,1,1,,,,,,,1,4,13,9,8,24,15,25,20,37,24,31
Malaysia,MY,Total,16 - Pharmaceuticals,,,,,,,,,,,,,,,14,,1,1,2,,1,,2,4,5,1,1,8,6,3,5,12,25,29,31,25,28
Mali,ML,Total,13 - Medical technology,,,,,,,,,,,,,,,,,,,,,,,1,,,,,,,,,,,,,,
Mali,ML,Total,15 - Biotechnology,,,,,,,,,,,,,,,,,,,,,,,,1,,,,,,,,,,,,,
Mali,ML,Total,16 - Pharmaceuticals,,,,,,,,,,,,,,14,,,,,,,,,32,,1,,,,1,,,,,,,,
Malta,MT,Total,11 - Analysis of biological materials,,,,,,,,,,,,,,,,,,,,,,,,,,,1,,,,,,,,,,
Malta,MT,Total,13 - Medical technology,,,,,,,,,,,,,,,1,,1,1,,,1,,,2,1,,,,,1,,1,,4,5,5,51
Malta,MT,Total,15 - Biotechnology,,,,,,,,,,,,,,,,,,,,,,,,,,,,,,,1,,1,2,4,,2
Malta,MT,Total,16 - Pharmaceuticals,,,,,,,,,,,,,,,,,,1,1,,,,3,11,2,,13,4,4,6,3,1,10,9,16,6,8
Marshall Islands,MH,Total,16 - Pharmaceuticals,,,,,,,,,,,,,,,,,,,,,,,,,,,,,,,,,,1,,,
Mauritius,MU,Total,11 - Analysis of biological materials,,,,,,,,,,,,,,,,,,,,,,,,,,,,,,,,,,,,,2
Mauritius,MU,Total,13 - Medical technology,,,,,,,,,,,,,,,,,,,,,,,,1,,,,1,,2,3,,,1,,1,
Mauritius,MU,Total,15 - Biotechnology,,,,,,,,,,,,,,,,,,,,,,,,,,,,,,,,,,2,2,1,2
Mauritius,MU,Total,16 - Pharmaceuticals,,,,,,,,,,,,,1,2,,2,,,,1,,,,,,,,,,1,2,2,,,1,,2
Mexico,MX,Total,11 - Analysis of biological materials,,1,,1,,,,,2,,,,1,4,1,2,,,,1,,,,,1,,,,,,1,1,,,1,3,6
Mexico,MX,Total,13 - Medical technology,8,8,14,4,8,4,4,5,17,11,9,2,8,20,6,4,3,4,6,2,4,5,6,16,10,28,8,7,9,6,6,11,17,22,22,15,45
Mexico,MX,Total,15 - Biotechnology,,,,,,,,,,,2,1,5,10,2,3,2,3,,2,3,2,3,1,2,1,1,4,3,3,8,7,9,11,8,7,28
Mexico,MX,Total,16 - Pharmaceuticals,2,4,4,7,4,5,2,1,5,4,2,5,7,8,4,11,4,9,9,2,10,3,2,1,,1,2,22,7,35,14,12,23,34,29,35,71
Monaco,MC,Total,11 - Analysis of biological materials,,,,,,,,,,,,,,,,,,,,,,,,,,2,,3,1,1,,,,,,,
Monaco,MC,Total,13 - Medical technology,,,1,,10,7,4,2,1,2,3,1,5,3,8,4,9,7,10,9,9,5,14,1,1,2,1,3,2,1,1,1,2,3,3,1,4
Monaco,MC,Total,15 - Biotechnology,2,,,,,,,1,,,,,,,2,,,,2,3,5,3,3,22,2,2,3,1,1,4,2,,2,,1,2,
Monaco,MC,Total,16 - Pharmaceuticals,7,2,4,2,,2,5,1,7,1,6,4,20,22,14,15,6,19,14,16,13,26,21,58,37,12,70,18,9,22,12,21,7,11,9,6,10
Mongolia,MN,Total,11 - Analysis of biological materials,,,,,,,,,,1,,,,,,,,,,,,,,,,,,,,,,,,,,,
Mongolia,MN,Total,13 - Medical technology,,,,,2,3,1,1,,3,,,,,,,,,,1,,,,,,,,,,,,,,,,,
Mongolia,MN,Total,15 - Biotechnology,,3,,1,,1,,,,2,,,,,,,,,,,,,,,,,,,,,,,,,,1,
Mongolia,MN,Total,16 - Pharmaceuticals,,4,,5,,1,3,1,,1,,,,,,,,,,,,,,,,,,,,,,,,,,1,
Montenegro,ME,Total,16 - Pharmaceuticals,,,,,,,,,,,,,,,,,,,,,,,,,,,1,,,,,,,,,1,1
Morocco,MA,Total,11 - Analysis of biological materials,,,,,,,,,,,,,,,,,,,,,1,,,,1,,,,,,,,3,,2,,
Morocco,MA,Total,13 - Medical technology,,,,1,1,1,,,3,2,2,1,,,3,4,4,4,6,2,5,2,1,6,8,,1,3,,4,2,3,5,7,2,,3
Morocco,MA,Total,15 - Biotechnology,,,,,,,,,,1,,,,,,,,,1,,,,,,,,,1,,,,,1,,5,,5
Morocco,MA,Total,16 - Pharmaceuticals,,,,,,,,,1,,1,,1,,,,1,2,2,1,1,1,1,1,7,,2,1,,3,22,15,9,11,22,5,21
Namibia,NA,Total,13 - Medical technology,,,,,,,,,,,,,,,,,,,,,,,,,,,,,,,1,,,,,,
Namibia,NA,Total,15 - Biotechnology,,,,,,,,,,,,,,,,,,,,,,,,,,,,,,,,,,1,,,
Namibia,NA,Total,16 - Pharmaceuticals,,,,,,,,,,,,,,,,,,1,,,,,,,,,,17,,1,1,1,4,3,4,4,2
Nauru,NR,Total,16 - Pharmaceuticals,,,,,,,,,,,,,,,,,,,,,1,,,,,,,,,,,,,,,,
Netherlands,NL,Total,11 - Analysis of biological materials,18,20,22,19,19,19,20,23,21,31,28,28,43,35,37,40,40,46,58,56,71,50,65,68,82,53,102,61,81,80,76,77,69,100,115,129,126
Netherlands,NL,Total,13 - Medical technology,113,111,144,125,113,142,113,111,108,108,113,131,164,143,156,126,145,187,232,236,196,206,297,431,422,358,376,364,445,496,552,581,781,947,1194,1455,1765
Netherlands,NL,Total,15 - Biotechnology,28,38,47,46,47,54,65,64,51,90,77,95,154,156,145,157,172,182,221,243,227,200,214,245,286,239,307,288,308,363,342,387,443,482,530,579,640
Netherlands,NL,Total,16 - Pharmaceuticals,93,93,105,101,115,136,114,93,92,105,100,142,162,150,142,157,127,157,188,212,167,191,266,313,336,353,382,396,404,430,420,550,423,465,474,423,529
Netherlands Antilles,AN,Total,11 - Analysis of biological materials,,,,,1,,,,,,,2,7,8,4,2,3,1,8,2,1,3,3,3,4,4,5,2,1,1,,3,1,,2,,2
Netherlands Antilles,AN,Total,13 - Medical technology,2,2,4,2,1,4,4,8,16,13,17,8,7,7,8,17,7,6,21,6,12,19,19,11,20,12,17,16,13,11,13,8,6,4,1,6,5
Netherlands Antilles,AN,Total,15 - Biotechnology,1,1,3,3,2,1,2,5,1,3,,5,6,21,7,12,6,9,7,14,6,10,12,12,12,16,15,18,4,5,5,7,2,,3,2,2
Netherlands Antilles,AN,Total,16 - Pharmaceuticals,1,1,1,2,1,3,,2,,2,,4,9,3,8,7,10,11,7,16,12,10,23,24,23,33,28,51,14,12,14,15,7,6,2,,
New Zealand,NZ,Total,11 - Analysis of biological materials,3,2,1,2,1,,4,3,,3,3,,2,,1,,,,1,2,2,,4,4,8,4,13,6,6,13,8,4,6,11,11,9,14
New Zealand,NZ,Total,13 - Medical technology,11,8,7,4,11,13,12,14,9,13,6,12,11,8,7,7,7,11,18,18,16,18,26,24,35,28,37,28,30,57,40,44,73,52,60,75,130
New Zealand,NZ,Total,15 - Biotechnology,,3,2,3,6,3,3,3,,3,2,3,6,3,2,4,1,6,8,11,7,11,18,15,20,10,26,15,23,27,25,33,41,64,74,60,106
New Zealand,NZ,Total,16 - Pharmaceuticals,2,1,3,4,6,8,4,9,4,5,4,5,3,2,4,8,5,10,11,14,14,16,24,24,29,19,24,18,27,36,36,47,53,48,45,44,42
Nicaragua,NI,Total,16 - Pharmaceuticals,,,,,,,,,,,,,,,,,,,,,,,,,,1,,,1,,,,,,,,1
Niger,NE,Total,11 - Analysis of biological materials,,,,,,,,,,,,,,,1,,,,,,,,,,,,,,,,,,,,,,
Niger,NE,Total,15 - Biotechnology,,,,,,,,,,,,,,,,,,,,,,1,,,,,,,,,,,,1,,,
Niger,NE,Total,16 - Pharmaceuticals,,,,,,,,,,,,,,,,,,,,,,,,,,,,,,,,1,,,,,
Nigeria,NG,Total,13 - Medical technology,,,,,,,,,,,,,,,,,,,,,,,2,2,1,,,,1,,,1,2,,,,
Nigeria,NG,Total,15 - Biotechnology,,,,,,,,,,,,,,,,,,,,,1,1,,2,1,,,,,1,,,,,,,
Nigeria,NG,Total,16 - Pharmaceuticals,,,,,,,,,,,,,,,,,,,5,,3,50,2,1,,,,,,,,,2,,,,
Norway,NO,Total,11 - Analysis of biological materials,2,3,2,3,7,2,1,2,7,6,4,6,1,5,11,20,19,21,24,14,12,18,21,18,36,18,18,25,28,22,20,28,26,23,30,19,19
Norway,NO,Total,13 - Medical technology,15,16,15,14,12,13,14,9,23,28,19,13,20,28,14,20,36,44,38,42,40,53,70,71,94,64,83,64,75,86,122,92,102,97,79,94,98
Norway,NO,Total,15 - Biotechnology,5,9,5,4,6,5,3,7,6,11,9,7,12,10,17,16,12,13,18,16,15,16,26,27,24,32,44,32,58,62,44,52,62,72,77,76,82
Norway,NO,Total,16 - Pharmaceuticals,9,12,12,18,7,12,7,8,10,12,17,27,56,83,38,36,50,57,54,45,97,80,49,70,55,65,95,57,70,108,104,106,102,152,143,130,153
Pakistan,PK,Total,13 - Medical technology,,,,,,,,,,,,,,,,,,,1,,,,,,,,,,,,,,1,1,,1,1
Pakistan,PK,Total,15 - Biotechnology,,,,,,,,,,,,,,,,,,,,,,,,,,,,,,,,,2,,,,1
Pakistan,PK,Total,16 - Pharmaceuticals,,,,,,,,,,,,,,,,,,,,,,,,,1,,,,1,1,,1,2,3,1,1,4
Panama,PA,Total,11 - Analysis of biological materials,,,,,,2,,2,,3,,1,,,,,,,,,,,,1,1,,,,,1,,,,,,,
Panama,PA,Total,13 - Medical technology,2,,,,,,,,,1,1,,,1,,,,,1,2,2,1,2,4,2,2,,1,,2,1,5,1,1,3,1,2
Panama,PA,Total,15 - Biotechnology,,,,,,3,,1,,1,,,,,,,,,,,,,,2,,,1,1,,4,3,7,6,9,1,1,
Panama,PA,Total,16 - Pharmaceuticals,5,3,12,10,4,8,3,4,1,1,,1,1,2,1,,1,,,,,,,3,1,3,1,2,1,3,,3,2,2,8,4,6
Papua New Guinea,PG,Total,13 - Medical technology,,,,,,,,,1,,,,,,,,,,,,,,,,,,,,,,,,,,,,
Paraguay,PY,Total,13 - Medical technology,,,,,,,,,,,1,,,,,,,,,,,,,,,,,,,,,,1,,,,
Paraguay,PY,Total,16 - Pharmaceuticals,,,,,,,,,,,,,,,,,,,,,,,,,,,,,,,1,,,,,,
Peru,PE,Total,11 - Analysis of biological materials,,,,,,,,,,,,,,,,,,,,,,,,,,,,,,,,,,,,1,
Peru,PE,Total,13 - Medical technology,,1,,,,,,,,,,,,,,,,,,,,,,,,1,,1,,,,,,,2,,
Peru,PE,Total,15 - Biotechnology,,,,,,,,,,,,,,,,,,,,,,,,,,,1,,,,,,,,,,
Peru,PE,Total,16 - Pharmaceuticals,,,,,1,,,,,,,,,,,,,,,,,,,,,,1,,,,,2,,1,,8,1
Philippines,PH,Total,13 - Medical technology,,1,1,1,2,,,1,1,3,,,,,,1,,2,,,1,1,,2,1,,,,,1,2,1,4,1,1,1,1
Philippines,PH,Total,15 - Biotechnology,,,,,,,,2,1,,,,,,,,,,1,,,,,,,,,,,,,,,1,1,1,1
Philippines,PH,Total,16 - Pharmaceuticals,3,1,2,,,1,1,1,,1,,1,1,1,,,2,,1,,,,,,1,3,1,2,1,,,1,,,,3,1
Poland,PL,Total,11 - Analysis of biological materials,25,13,15,25,15,26,12,6,10,15,20,20,16,17,9,14,9,7,15,10,6,4,9,9,9,8,16,14,10,19,13,24,29,29,23,31,47
Poland,PL,Total,13 - Medical technology,58,72,41,47,34,46,40,41,41,43,63,51,75,49,40,25,35,27,39,33,23,26,14,20,42,60,29,77,40,31,48,62,97,103,123,120,179
Poland,PL,Total,15 - Biotechnology,5,10,15,25,18,34,23,24,22,3,23,31,25,29,34,27,12,5,9,9,8,9,10,5,9,15,26,56,27,30,22,38,67,72,79,97,174
Poland,PL,Total,16 - Pharmaceuticals,32,24,27,41,22,24,13,16,19,22,17,13,14,16,17,20,16,18,14,7,11,11,10,17,13,28,41,74,53,38,35,41,68,45,109,89,148
Portugal,PT,Total,11 - Analysis of biological materials,,,,,,,,,,,,,,,,,,1,,,,1,,,2,,1,1,1,4,7,4,3,8,2,4,2
Portugal,PT,Total,13 - Medical technology,2,,,,,1,4,2,,1,,,1,,,2,1,1,3,3,9,2,6,6,3,5,8,10,10,9,13,14,18,16,19,14,17
Portugal,PT,Total,15 - Biotechnology,,2,,1,,,2,,1,1,3,,2,1,1,2,2,,2,1,,,6,7,6,17,5,10,5,18,5,4,8,15,12,25,15
Portugal,PT,Total,16 - Pharmaceuticals,2,3,5,3,1,2,3,2,1,2,3,2,3,1,1,3,2,5,5,15,2,8,11,21,10,31,12,16,20,26,18,24,32,37,25,38,29
Qatar,QA,Total,16 - Pharmaceuticals,,,,,,,,,,,,,,,,,,,,,,,,,1,,,,,1,,,,,,,
Republic of Korea,KR,Total,11 - Analysis of biological materials,1,,,1,,1,,,1,3,7,10,6,3,5,15,8,8,29,52,30,40,24,68,68,146,207,275,212,183,239,333,449,548,534,470,479
Republic of Korea,KR,Total,13 - Medical technology,,6,7,7,2,6,5,9,11,12,25,26,35,46,68,62,98,114,158,278,191,208,328,568,616,1163,1719,1695,1445,1177,1513,2256,2695,2902,3275,3021,3805
Republic of Korea,KR,Total,15 - Biotechnology,7,12,25,13,10,10,12,9,24,50,78,73,98,78,42,90,117,172,303,477,308,215,270,433,772,1036,1220,1328,1106,630,852,1099,1434,1709,1968,1698,1817
Republic of Korea,KR,Total,16 - Pharmaceuticals,10,10,6,6,6,6,8,9,6,20,27,20,51,49,43,71,95,111,222,336,190,184,256,459,462,1044,1492,1369,1017,615,723,1187,1550,1841,2258,1777,2245
Republic of Moldova,MD,Total,11 - Analysis of biological materials,,,,,,,,,,,,,,,,3,2,1,1,,,,,,,,,,,1,2,2,2,1,1,3,2
Republic of Moldova,MD,Total,13 - Medical technology,,,,,,,,,,,,,,2,3,5,6,,1,,,9,,,,2,9,9,1,67,33,15,17,23,30,29,34
Republic of Moldova,MD,Total,15 - Biotechnology,,,,,,,,,,,,,,1,3,3,4,,,,,,,,,,,,,2,11,8,3,14,4,14,12
Republic of Moldova,MD,Total,16 - Pharmaceuticals,,,,,,,,,,,,,,,4,3,2,,,,,9,,,,,,,,12,7,11,14,14,16,9,14
Romania,RO,Total,11 - Analysis of biological materials,8,22,12,15,14,10,15,12,12,2,1,4,6,9,4,1,1,2,4,1,,3,7,10,,1,1,,1,6,4,2,2,4,4,6,5
Romania,RO,Total,13 - Medical technology,43,68,38,27,50,36,27,52,28,12,3,23,31,46,25,15,19,8,19,20,5,3,1,,19,17,17,13,15,25,18,15,19,22,27,20,25
Romania,RO,Total,15 - Biotechnology,,14,11,16,11,12,19,13,13,8,2,11,15,20,23,5,6,3,4,1,2,6,5,9,2,3,3,,3,8,4,10,7,12,5,5,5
Romania,RO,Total,16 - Pharmaceuticals,47,147,84,109,81,58,84,85,51,29,6,43,42,47,56,16,26,22,13,24,20,9,17,8,21,26,26,7,39,44,21,43,28,41,31,11,21
Russian Federation,RU,Total,11 - Analysis of biological materials,,,,,,,,,,,,,755,440,222,150,194,268,312,291,281,172,297,359,385,392,362,374,456,408,366,447,479,525,505,599,444
Russian Federation,RU,Total,13 - Medical technology,,,,,,,,,,,,,2702,2348,1079,989,1102,1556,1654,1511,1554,1027,1616,2325,1956,1816,2006,1869,2080,2392,1769,1528,1826,1477,1398,1679,1267
Russian Federation,RU,Total,15 - Biotechnology,,,,,,,,,,,,,536,271,217,320,268,328,248,168,174,142,177,840,642,921,760,263,382,308,390,366,352,349,405,417,371
Russian Federation,RU,Total,16 - Pharmaceuticals,,,,,,,,,,,,,451,611,365,597,582,766,742,688,683,523,889,966,954,797,979,899,1201,1055,958,957,1043,915,1364,1322,1103
Saint Kitts and Nevis,KN,Total,13 - Medical technology,,,,,,,,,,,,,,,,,,,2,,2,3,,1,,1,,1,,,9,1,3,2,1,4,2
Saint Kitts and Nevis,KN,Total,15 - Biotechnology,,,,,,,,,,,,,,,,,,,,,,,,,1,,2,1,,,,,,,,,
Saint Kitts and Nevis,KN,Total,16 - Pharmaceuticals,,,,,,,,,,,,,,,,,,,,,,,,,1,1,2,1,,,,,,,1,,
Saint Vincent and the Grenadines,VC,Total,13 - Medical technology,,,,,,,,1,,,,,,,,,,,,,,,,,,,,,,,,,,,,,
Samoa,WS,Total,13 - Medical technology,,,,,,,,,,,,,,,,,,,,,,,,,,,,,,,2,,1,,1,,3
Samoa,WS,Total,15 - Biotechnology,,,,,,,,,,,,,,,,,,,,,,,,,,,,,,,1,1,,1,,,
Samoa,WS,Total,16 - Pharmaceuticals,,,,,,,,,,,,,,,,,,,,,1,1,,,,,,,,,1,,1,2,,1,
San Marino,SM,Total,13 - Medical technology,,,,,,,,,,,,,,,,,,,1,1,,2,,2,,1,,,,,,2,,,,2,2
San Marino,SM,Total,15 - Biotechnology,,,,,,,,,,,,,,,,,,,3,,,,,,,1,,,,2,,,,,,,
San Marino,SM,Total,16 - Pharmaceuticals,,,,,,1,,,,,,,,,,,,,2,2,1,,,4,2,1,1,,,3,2,3,2,5,,2,2
Sao Tome and Principe,ST,Total,11 - Analysis of biological materials,,,1,,,,,1,,1,5,2,1,,,,,,,,,,,,,,,,,,,,,,,,
Sao Tome and Principe,ST,Total,13 - Medical technology,,1,,,,4,4,2,,1,3,3,2,3,,,,,,,1,,,,,,,,,,,,,,,,
Sao Tome and Principe,ST,Total,15 - Biotechnology,,,,,1,,,,,,1,1,,,,,,,,,,,,,,,,,,,,,,,,,
Sao Tome and Principe,ST,Total,16 - Pharmaceuticals,,,,,,,,,1,,1,1,1,,,,,,,,,,,,,,,,,,,,,,,,
Saudi Arabia,SA,Total,11 - Analysis of biological materials,,,,,,1,1,,,,,,,,,,,,,,,,,,1,,3,2,1,1,2,1,1,2,2,6,11
Saudi Arabia,SA,Total,13 - Medical technology,,,,,,,,1,2,3,2,1,1,1,1,1,3,17,3,1,,3,1,1,,1,,6,1,1,3,4,3,15,14,21,33
Saudi Arabia,SA,Total,15 - Biotechnology,,,,,,,,,,,,,,,,,,,,,,,,,,,,,,1,2,1,4,2,5,5,7
Saudi Arabia,SA,Total,16 - Pharmaceuticals,,,,,,,,,,,,,,,,,1,1,,,,,,,,1,,,,,,2,1,7,10,15,18
Senegal,SN,Total,13 - Medical technology,,,,,,,,,,,,,,,,,,,,,,,,16,,,,,,,,,,,,,
Senegal,SN,Total,15 - Biotechnology,,,,,,,,,,,,,,,,,,,,,,,16,,,,,,,,,,,,,,
Senegal,SN,Total,16 - Pharmaceuticals,1,1,,,,,,,,,,,,,,,,,,,,,,,16,64,,,,,,,,,,,
Serbia,RS,Total,11 - Analysis of biological materials,,,,,,,,,,,,,,,,,,,,,,,,,,,,2,,,,,,1,1,1,
Serbia,RS,Total,13 - Medical technology,,,,,,,,,,,,,,,,,,,,,,,,,,,,4,11,4,13,7,4,6,9,2,2
Serbia,RS,Total,15 - Biotechnology,,,,,,,,,,,,,,,,,,,,,,,,,,,,,,,1,1,,1,1,2,
Serbia,RS,Total,16 - Pharmaceuticals,,,,,,,,,,,,,,,,,,1,,,,,,,,,,,1,,4,4,4,7,4,2,2
Seychelles,SC,Total,13 - Medical technology,,,,,,,,,,,,,,,,,,,,,,1,,1,1,6,10,9,21,10,15,16,14,18,14,12,34
Seychelles,SC,Total,15 - Biotechnology,,,,,,,,,,,,,,,,,,,,,,,,1,,,,,,,,1,,,1,,1
Seychelles,SC,Total,16 - Pharmaceuticals,,,,,,,,,,,,,,,,,,,,,,,,1,,,,,,,,1,1,4,8,,4
Sierra Leone,SL,Total,13 - Medical technology,,,,,,,,,,,,,,,,,,,,,,,,,,,,,,,,1,,,,,
Sierra Leone,SL,Total,16 - Pharmaceuticals,,,,,,,,,,,,,,,3,2,,,,,,,,,,,,,,,,,,,,,
Singapore,SG,Total,11 - Analysis of biological materials,,,,,,,,,,,,,,2,,1,1,2,2,4,,3,,5,3,7,2,5,5,6,7,6,14,19,25,17,22
Singapore,SG,Total,13 - Medical technology,,,,1,2,1,,,,1,,2,5,3,1,4,7,4,8,2,3,6,7,6,14,12,12,9,18,27,33,43,65,66,111,135,94
Singapore,SG,Total,15 - Biotechnology,,,,,,,,,,,,,,,2,2,3,5,7,7,5,5,3,10,14,17,25,21,18,19,27,29,37,46,58,61,66
Singapore,SG,Total,16 - Pharmaceuticals,,,,,,,,,,,,,,,,,,,1,2,4,9,2,9,20,12,29,20,26,15,32,33,50,74,63,63,70
Slovakia,SK,Total,11 - Analysis of biological materials,,,,,,,,,,,,,,,,,4,1,5,,1,,,1,,3,,1,,2,4,,2,1,,3,2
Slovakia,SK,Total,13 - Medical technology,5,3,1,5,1,,,,,,,,,4,2,6,6,4,3,4,1,1,1,4,2,1,3,4,5,3,1,2,4,,,3,9
Slovakia,SK,Total,15 - Biotechnology,2,,,2,2,,,,,,,,,,1,3,3,9,10,4,4,8,4,8,1,4,3,2,3,3,12,3,3,1,1,3,3
Slovakia,SK,Total,16 - Pharmaceuticals,,4,,2,3,,,,,,,,,,2,3,2,5,8,4,2,2,7,11,3,13,27,4,12,4,6,5,5,5,4,5,2
Slovenia,SI,Total,11 - Analysis of biological materials,,,,,,,,,,,,,,,,1,,,2,1,,2,,,,,,1,,,3,1,1,1,,1,
Slovenia,SI,Total,13 - Medical technology,,,,,,,,,,,,,,3,8,9,16,13,8,8,8,6,9,10,10,10,9,19,18,13,19,27,20,31,16,35,26
Slovenia,SI,Total,15 - Biotechnology,,,,,,,,,,,,,,2,4,5,8,7,13,8,4,7,5,9,8,7,8,4,1,9,20,27,18,15,11,17,12
Slovenia,SI,Total,16 - Pharmaceuticals,6,4,4,3,2,,,,1,2,,,1,4,10,14,19,16,17,12,11,16,19,21,40,29,31,61,61,100,129,101,78,78,78,52,129
Solomon Islands,SB,Total,16 - Pharmaceuticals,,,,,,,,,,,,,,,,,,,,,,,,,1,,,,,,,,,,,,
South Africa,ZA,Total,11 - Analysis of biological materials,4,2,2,3,4,4,4,3,9,3,3,3,1,2,2,1,2,,,3,2,,1,1,1,2,18,3,7,1,3,,,1,1,2,2
South Africa,ZA,Total,13 - Medical technology,11,31,28,25,22,33,34,40,36,31,33,39,53,44,45,44,43,42,38,52,35,36,37,57,70,51,35,42,65,44,53,32,63,36,48,26,25
South Africa,ZA,Total,15 - Biotechnology,7,6,4,7,3,6,7,7,11,4,9,9,10,12,27,5,7,7,6,10,9,8,5,9,17,14,10,8,12,29,23,11,27,22,15,31,18
South Africa,ZA,Total,16 - Pharmaceuticals,8,4,8,3,5,6,12,14,21,11,14,10,8,10,10,10,14,12,7,17,14,27,35,36,31,29,59,15,25,24,21,20,37,35,35,31,22
Soviet Union,SU,Total,11 - Analysis of biological materials,240,361,348,269,279,346,376,440,498,518,451,699,,,,,,,,,,,,,,,,,,,,,,,,,
Soviet Union,SU,Total,13 - Medical technology,959,1566,1915,1377,1567,1754,1736,1639,1787,2221,2067,2764,,,,,,,,,,,,,,,,,,,,,,,,,
Soviet Union,SU,Total,15 - Biotechnology,272,249,283,301,331,252,244,264,278,348,411,480,,,,,,,,,,,,,,,,,,,,,,,,,
Soviet Union,SU,Total,16 - Pharmaceuticals,199,217,249,203,209,279,267,175,185,205,235,398,,,,,,,,,,,,,,,,,,,,,,,,,
Spain,ES,Total,11 - Analysis of biological materials,1,2,1,1,2,,9,1,9,13,4,6,6,17,9,9,12,10,13,16,21,14,7,21,29,38,30,27,32,45,54,40,47,56,58,83,78
Spain,ES,Total,13 - Medical technology,22,25,22,42,29,27,45,41,47,108,65,62,98,67,66,74,75,58,95,103,116,109,96,141,125,153,135,160,150,181,179,228,207,274,272,300,299
Spain,ES,Total,15 - Biotechnology,5,10,20,6,9,15,37,13,9,27,16,17,21,40,32,36,36,49,52,58,77,61,53,71,80,111,90,83,89,136,194,217,186,196,216,222,240
Spain,ES,Total,16 - Pharmaceuticals,58,78,85,109,61,115,255,110,65,91,51,56,72,66,85,99,85,105,98,103,94,114,144,203,190,217,253,255,280,293,386,362,378,422,414,428,517
Sri Lanka,LK,Total,15 - Biotechnology,,,,,,,,,,,,,,,,,,,,,,,,,,,,,,,,1,,,,,
Sri Lanka,LK,Total,16 - Pharmaceuticals,,,,,,,,,,,,,,,,,,,,,,,,,,,,,,,,1,,,,,
Sudan,SD,Total,13 - Medical technology,,,,,,,,,,,,,,,,,,,,1,,,,,,,,,,,,,,,,,
Swaziland,SZ,Total,13 - Medical technology,,,,,,,,,,,,,,,,,,,,,,,,,,2,,,,1,,,,1,,,
Swaziland,SZ,Total,15 - Biotechnology,,,,,,,,,,,,,,,1,,,,,,,,,,,,,,,,,,,,,,
Sweden,SE,Total,11 - Analysis of biological materials,33,22,23,16,26,29,25,19,29,34,25,26,21,22,32,27,43,42,44,41,51,43,59,81,82,56,93,82,88,94,82,95,77,97,85,94,128
Sweden,SE,Total,13 - Medical technology,146,137,160,162,172,190,226,249,225,240,224,250,246,304,328,427,436,520,667,622,541,599,737,871,831,735,603,520,600,633,692,697,810,829,947,898,990
Sweden,SE,Total,15 - Biotechnology,38,41,38,43,39,40,31,42,50,51,40,41,58,65,76,58,72,88,94,103,92,98,141,165,158,143,179,146,163,131,146,146,160,155,171,174,198
Sweden,SE,Total,16 - Pharmaceuticals,105,102,93,101,143,148,130,126,106,145,129,147,170,230,199,222,252,272,270,316,261,338,497,611,611,573,562,572,701,574,532,534,525,524,457,394,470
Switzerland,CH,Total,11 - Analysis of biological materials,55,54,38,36,47,58,52,48,34,57,43,42,44,54,53,54,54,50,47,52,43,66,80,66,66,69,85,101,134,133,161,180,190,173,225,236,269
Switzerland,CH,Total,13 - Medical technology,190,197,207,218,241,329,313,308,308,386,345,371,333,357,337,351,328,282,339,384,342,431,593,738,787,780,849,897,1207,1527,1556,1425,1664,1639,1613,1774,1915
Switzerland,CH,Total,15 - Biotechnology,140,162,122,143,157,169,160,141,162,158,201,191,217,259,253,288,248,253,237,242,207,231,228,274,273,321,357,379,486,425,450,474,582,629,651,785,916
Switzerland,CH,Total,16 - Pharmaceuticals,662,655,629,666,742,749,726,629,640,598,605,545,567,582,566,555,485,455,467,464,383,529,638,805,913,875,1136,1269,1528,1593,1571,1648,1811,1830,1819,1633,2203
Syrian Arab Republic,SY,Total,13 - Medical technology,,,,,,,,,,,,,1,,,,,,,,,,,,,,,,,,,,1,1,,2,1
Syrian Arab Republic,SY,Total,16 - Pharmaceuticals,,,,,,,1,,,,,,,,,,,1,,,,,,,,,,,,,,,,,,1,
Tajikistan,TJ,Total,11 - Analysis of biological materials,,,,,,,,,,,,,,,,,4,6,1,1,1,,1,,,,,1,,,,,,,,,
Tajikistan,TJ,Total,13 - Medical technology,,1,,,,,,,,,,,,,,9,11,47,5,6,6,5,6,10,4,3,3,10,,,,,4,,,,
Tajikistan,TJ,Total,15 - Biotechnology,,,,,,,,,,,,,,,,2,5,4,,1,1,1,1,,1,,,1,,,,,,,,,
Tajikistan,TJ,Total,16 - Pharmaceuticals,,,,,,,,,,,,,,,,20,14,20,7,6,7,3,6,4,14,14,,4,,,,,4,,,,
Thailand,TH,Total,11 - Analysis of biological materials,,,,,,,,,,,,,,,,,,,,,,,,,,,,,,,,,,3,,,1
Thailand,TH,Total,13 - Medical technology,,,,,,,1,,,1,3,,1,1,,1,,1,,1,,2,3,3,1,1,3,2,1,1,2,1,2,1,9,6,4
Thailand,TH,Total,15 - Biotechnology,,,,,,,,,,,,,,,1,,,,,1,,,,,,,1,,2,1,3,1,4,4,2,1,2
Thailand,TH,Total,16 - Pharmaceuticals,,,,,,,,,,,,,,,,,1,,,1,1,,1,2,,,2,1,1,3,2,3,3,1,4,8,3
The Former Yugoslav Republic of Macedonia,MK,Total,13 - Medical technology,,,,,,,,,,,,,,,,,,1,,,,,,,,,,,1,,,1,1,,,,1
The Former Yugoslav Republic of Macedonia,MK,Total,16 - Pharmaceuticals,,,,,,,,,,,,,,,,,,,,1,,,,1,,,,,,,,,,,,,1
Togo,TG,Total,13 - Medical technology,,,,,,,,,,,,,,,14,,,,,,,,,,16,,,,,,,,,,,,
Togo,TG,Total,16 - Pharmaceuticals,,,,,,,,,,,,,,,,,,,,,,,,,32,,,,,,,,,,,,
Trinidad and Tobago,TT,Total,13 - Medical technology,,,,,,,,,,,,,,,,,,,,1,,,,,,,,,,1,1,,2,5,,1,
Trinidad and Tobago,TT,Total,15 - Biotechnology,,,,,,,,,,,,1,1,,,,,,,,,,,,,,,,,,,,,,,,
Tunisia,TN,Total,13 - Medical technology,,,,,,,,,,,,,,,,,,,,,,,,,,,,,,,1,,,,,1,
Tunisia,TN,Total,15 - Biotechnology,,,,,,,,,,,,,,1,,,,,,,,,,1,1,,,,,,,,,1,,,
Tunisia,TN,Total,16 - Pharmaceuticals,,,,,,,,,,,,,,,,,,,,1,,,,,2,,2,1,,,1,,1,4,2,1,5
Turkey,TR,Total,11 - Analysis of biological materials,,,,,,,1,,1,,1,,3,2,,,,1,,,,,,,,,,,9,,3,,,4,1,4,4
Turkey,TR,Total,13 - Medical technology,,,,1,3,1,3,,,,1,3,2,1,3,2,3,,,,9,1,1,1,1,3,6,7,4,8,19,7,10,28,33,55,88
Turkey,TR,Total,15 - Biotechnology,,,,,,,,,,,,,,,,,1,,,,1,,2,,,,2,,,,2,,,3,2,1,5
Turkey,TR,Total,16 - Pharmaceuticals,,,,,,,1,,1,,3,2,5,4,,3,1,1,1,2,2,,12,7,10,8,3,2,5,28,4,9,13,33,48,77,72
Turkmenistan,TM,Total,11 - Analysis of biological materials,,,,,,,,,,,,,,,,,7,11,2,1,,,,,,,,,,,,,,,,,
Turkmenistan,TM,Total,13 - Medical technology,,,,,,,,,,,,,,1,1,18,28,35,11,3,5,1,2,5,1,,,,,,,,,,,1,
Turkmenistan,TM,Total,15 - Biotechnology,,,,,,,,,,,,,,,,,,4,1,1,2,2,,1,,,,,,,,,,,,,
Turkmenistan,TM,Total,16 - Pharmaceuticals,,,,,,,,,,,,,,,,4,7,21,4,6,2,1,3,,,,,,,,,,,,,1,
Ukraine,UA,Total,11 - Analysis of biological materials,,,,,,,,,,,,,,3,21,20,33,11,12,4,2,8,9,41,135,19,9,23,22,16,17,32,19,25,33,27,42
Ukraine,UA,Total,13 - Medical technology,,,,,,,,,,2,,1,,30,108,99,89,68,51,89,70,53,78,396,1204,159,75,120,107,118,122,121,119,114,121,180,140
Ukraine,UA,Total,15 - Biotechnology,,,,,,,,,,,,,,14,6,9,4,6,4,3,1,7,8,26,76,40,11,15,29,26,24,31,17,21,24,24,26
Ukraine,UA,Total,16 - Pharmaceuticals,,,,,,,,,1,,,,1,20,48,28,33,23,23,40,36,36,60,171,583,109,70,88,105,107,91,129,88,69,121,118,113
United Arab Emirates,AE,Total,11 - Analysis of biological materials,,,,,,,,,,,,,,,,,1,,,,,,,,1,,,,,,,,,,1,3,1
United Arab Emirates,AE,Total,13 - Medical technology,,,,,,,,,,,,,,,,,,,,,1,,,,,,1,,1,1,,1,3,2,6,3,5
United Arab Emirates,AE,Total,15 - Biotechnology,,,,,,,,,,,,,,,,,,,,,,,,,,,,,,,,,1,,,1,3
United Arab Emirates,AE,Total,16 - Pharmaceuticals,,,,,,,,,,,,,,,,,,,,,,,1,,,,1,1,,,3,9,2,2,1,4,2
United Kingdom,GB,Total,11 - Analysis of biological materials,48,51,32,40,39,50,57,61,66,80,70,101,88,123,95,107,105,148,167,135,121,132,149,184,192,191,196,179,200,207,212,219,203,254,253,240,284
United Kingdom,GB,Total,13 - Medical technology,320,318,277,359,435,419,497,448,419,483,439,564,538,467,538,520,524,571,637,608,593,574,628,778,905,862,804,708,761,821,918,953,1088,1243,1364,1380,1574
United Kingdom,GB,Total,15 - Biotechnology,98,114,114,140,145,159,156,138,175,180,199,209,266,349,273,311,297,382,406,444,386,432,422,466,419,410,485,441,461,447,593,539,619,625,559,650,728
United Kingdom,GB,Total,16 - Pharmaceuticals,498,512,565,639,684,692,692,608,621,641,675,700,856,855,881,804,753,743,774,834,763,870,1193,1289,1325,914,1190,928,1022,988,1099,1087,1198,1228,1232,1134,1285
United States of America,US,Total,11 - Analysis of biological materials,473,511,522,481,506,613,598,611,683,766,707,727,947,979,933,894,898,1040,1313,1277,1162,1242,1302,1340,1342,1150,1396,1353,1384,1393,1695,1732,1721,1755,1750,2011,2131
United States of America,US,Total,13 - Medical technology,2745,2887,2875,2882,3175,3566,3836,3968,3788,4553,4612,5189,5606,6056,6721,6508,6916,7146,8977,9055,8490,8640,8597,10250,9278,8474,8901,8574,8908,10161,13215,15143,17583,19801,20772,20670,23252
United States of America,US,Total,15 - Biotechnology,796,876,902,971,1131,1213,1366,1361,1366,1506,1574,1725,2263,2562,2316,2545,2916,3556,4646,4718,4216,4480,4458,4346,4168,3656,4145,4092,4221,4369,4906,5162,5731,6270,6830,7068,7919
United States of America,US,Total,16 - Pharmaceuticals,2071,2080,2017,2154,2559,2598,2876,2825,2673,2967,2924,3117,3573,3943,3767,3972,4057,4577,5130,5806,5304,6247,6921,7688,7360,6218,9051,6492,6756,6777,7817,8253,9566,10822,11256,10561,12302
Uruguay,UY,Total,11 - Analysis of biological materials,,,,,,,,,,,,,,,,,,,,,,,,,,,,,,,,,,1,,,
Uruguay,UY,Total,13 - Medical technology,2,,,1,,,1,,,,1,,1,2,1,,,,,1,,16,3,3,1,4,,2,,2,2,2,4,5,1,2,2
Uruguay,UY,Total,15 - Biotechnology,,,,,,,,,,,,,,,,,1,,,,,,,,1,1,1,,1,,1,,,,2,,
Uruguay,UY,Total,16 - Pharmaceuticals,,1,,,,,,,,,,,,,2,2,2,1,2,,1,,3,,1,,,2,,,,1,1,,2,,3
Uzbekistan,UZ,Total,11 - Analysis of biological materials,,,,,,,,,,,,,,1,1,3,2,5,,,,,,,,,,,,,,,,,1,,
Uzbekistan,UZ,Total,13 - Medical technology,,,,,,,,,,,,,,4,8,10,11,10,,2,9,9,1,,,,,,,,,,,,1,,1
Uzbekistan,UZ,Total,15 - Biotechnology,,,,,,,,,,,,,,,16,1,2,,,,,,,,,,,,,,,,,,,8,
Uzbekistan,UZ,Total,16 - Pharmaceuticals,,,,,,,,,,,,,,2,4,4,1,3,2,2,1,,,,,1,1,,,,,,,,1,,
Vanuatu,VU,Total,13 - Medical technology,,,,,,,,,,,,,,,,,,,,,,,,,,,,,1,,1,,,,,,
Vanuatu,VU,Total,16 - Pharmaceuticals,,,,,,,,,,,,,,,,,,,,,,,,,,,,,,,,,,,,,1
Venezuela (Bolivarian Republic of),VE,Total,11 - Analysis of biological materials,,,,,,,,,,,,,1,1,1,2,,2,1,1,2,,1,,,,1,,,,,,,,,,
Venezuela (Bolivarian Republic of),VE,Total,13 - Medical technology,,1,,,,,,,,1,1,1,,2,,1,1,,1,1,1,2,3,1,,2,1,,1,1,1,2,3,4,2,3,2
Venezuela (Bolivarian Republic of),VE,Total,15 - Biotechnology,,,1,,,,,1,,,,,,,,,1,,1,1,1,,2,,1,,,,1,,,,,,,,
Venezuela (Bolivarian Republic of),VE,Total,16 - Pharmaceuticals,,,,,,,1,2,,,1,,,,,,,,,,,,,,,,,1,1,1,3,2,3,,,,
Viet Nam,VN,Total,13 - Medical technology,,,,,,1,,2,,,,,,,,,,,,,,,,,,,,,,,,,,,2,2,2
Viet Nam,VN,Total,15 - Biotechnology,,,,,,,,,,,,,,,,,,,,,,,,,,,,,,,,,,1,,2,
Viet Nam,VN,Total,16 - Pharmaceuticals,,,,,,,,,,,,,,,,,,,,,,,,,,,,,,,,1,,1,1,1,
Yemen,YE,Total,16 - Pharmaceuticals,,,,,,,,,,,,,,,,,,,,,,,,,,,,,,,,,,1,,,
Yugoslavia,YU,Total,11 - Analysis of biological materials,1,,,3,6,1,1,,1,,,,,1,,1,,,1,,,,,,,,1,,1,,,,,,,,
Yugoslavia,YU,Total,13 - Medical technology,3,4,2,4,15,6,13,3,6,5,10,9,21,10,10,10,2,3,3,4,1,,2,1,10,,4,15,7,14,2,,2,,,,
Yugoslavia,YU,Total,15 - Biotechnology,,2,,,2,,3,2,8,6,3,6,6,6,5,4,3,6,4,,1,,1,,,1,,1,,,,,,,,,
Yugoslavia,YU,Total,16 - Pharmaceuticals,13,13,11,11,30,29,20,26,31,24,20,13,14,18,15,11,14,6,9,2,3,1,2,9,1,1,12,5,3,3,1,,,,,,
Zambia,ZM,Total,15 - Biotechnology,,,,,1,,,,,,,,,,,,,,,,,,,,,,,,,,,,,,,,
Zambia,ZM,Total,16 - Pharmaceuticals,,,,,,,,,,,,,,,1,,,,,,,,,,,,,,,,1,,,,,,
Zimbabwe,ZW,Total,13 - Medical technology,,,,,,,,,1,4,3,,,1,,1,3,,1,,,,,,,,,,,,,1,,,,,
Zimbabwe,ZW,Total,15 - Biotechnology,,,,,,,,,,1,2,,,,,,,,,,,,,,,,,,,,,,,,,,
Zimbabwe,ZW,Total,16 - Pharmaceuticals,,,,,,,1,,,,,,,3,,,,,,,,1,,,,,,,,,,,,,,,